B31LgI4Y4DQ,2025-08-10
O9v10jQkm5c,2025-08-10
StCb0H84T6A,2025-08-10
tNrNLoCqzco,2025-08-10
w6eZhvzw5VE,2025-08-10
a8ovpxEyEOw,2025-08-10
SFEROgwxicA,2025-08-10
aSCTfRiuoi0,2025-08-10
-gzKHN1wlAE,2025-08-10
_FFRRMEXdBU,2025-08-10
ZzaPdXTrSb8,2025-08-10
_T42E9RkWVQ,2025-08-10
oz9cEqFynHU,2025-08-10
w5Zz4Ia9xI0,2025-08-10
RRVYpIET_RU,2025-08-10
BBpAmxU_NQo,2025-08-10
-D5u5HJbISc,2025-08-10
7leHXde8l3k,2025-08-10
UKEYTI1V0Vw,2025-08-10
2ybLD6_2gKM,2025-08-10
mny2fsxuoY8,2025-08-10
9kQ1JUDleWg,2025-08-10
JE4zty8Mzas,2025-08-10
3GSJqsnV5qA,2025-08-10
OaC_YZoiB84,2025-08-10
BSW0Ec8tC4c,2025-08-10
8XMpZaOj0K8,2025-08-10
WQoB2z67hvY,2025-08-10
uzo_gpWtvI4,2025-08-10
6M7jpiWJUXs,2025-08-10
Vi9bxu-M-ag,2025-08-10
GLCoTI2WgkE,2025-08-10
qfUhL5kAd2A,2025-08-10
WQoB2z67hvY,2025-08-10
bdv7-LM0Zck,2025-08-10
k7ELO356Npo,2025-08-10
rfObCuGLSek,2025-08-10
vCe5J7X0CR8,2025-08-10
dSJM4Gyh8jE,2025-08-10
0DxcMj22unU,2025-08-10
8hly31xKli0,2025-08-10
IBkwl4HSY8A,2025-08-10
6OoSgY6NVVk,2025-08-10
ObUUe9ujYoY,2025-08-10
7kf1SACqlRw,2025-08-10
-TkoO8Z07hI,2025-08-10
OIrIwSQRseg,2025-08-10
RBSGKlAvoiM,2025-08-10
r51TRDECIw4,2025-08-10
s7_4lHe2ZXs,2025-08-10
rlpw7oi-bpE,2025-08-10
D9u9dmZJAc0,2025-08-10
xcy5mrc3cew,2025-08-10
6_zfIAh60Gk,2025-08-10
n4U22KFPsy0,2025-08-10
6yAsGCaQkp4,2025-08-10
pTJ034o2cks,2025-08-10
t6zLJOCVqD0,2025-08-10
o3xTC4HHSQM,2025-08-10
IHz5wliGMKI,2025-08-10
FvFQpDVawas,2025-08-10
4hkgqrP9qgs,2025-08-10
8kyxZKzYFXg,2025-08-10
zqJFeQ3-ujk,2025-08-10
3obEP8eLsCw,2025-08-10
0NrYt4xUj7c,2025-08-10
dl00fOOYLOM,2025-08-10
i_5pvt7ag7E,2025-08-10
DnRY5yG67u8,2025-08-10
CBYHwZcbD-s,2025-08-10
Z_c4byLrNBU,2025-08-10
zuegQmMdy8M,2025-08-10
ztnydTn-PW4,2025-08-10
KKRzUB7mWUs,2025-08-10
EAR7De6Goz4,2025-08-10
ceMMJZrAXl8,2025-08-10
xECXZ3tyONo,2025-08-10
WsENswmSz6M,2025-08-10
QUT1VHiLmmI,2025-08-10
Nui_gII-bxs,2025-08-10
D6fgeW6jR34,2025-08-10
Yde0n0bhnag,2025-08-10
tPwArbQ2ILM,2025-08-10
5sL6m3pLA0M,2025-08-10
pVLmWlRT55E,2025-08-10
BSJa1UytM8w,2025-08-11
FudfVyYWNxQ,2025-08-11
cUmUOb7j3dc,2025-08-11
HQp0DwtTP18,2025-08-11
-lVzdxgVNeg,2025-08-11
A5pSnIwbpaM,2025-08-11
0v5eHPfy5Lk,2025-08-11
ZOQaMp4ef14,2025-08-11
D9DiMnlpFK8,2025-08-11
RYQUKqp67qA,2025-08-11
YSn7yX4Zwtg,2025-08-11
87R8VRE6a3E,2025-08-11
g8QVeCPUc9k,2025-08-11
hOTPD_ENgFg,2025-08-11
Z71SOf-veoU,2025-08-11
u7F_lawBEg4,2025-08-11
j7Ze327O5o0,2025-08-11
gvmYkRmovDM,2025-08-11
ORjpkEm4Nv8,2025-08-11
2tTsjLfyptE,2025-08-11
rOUuGvJkBrQ,2025-08-11
LbFgTReQ550,2025-08-11
ZXvu3wqelMw,2025-08-11
RcIX83eS-PU,2025-08-11
b8UxgI2gpL0,2025-08-11
oEYyaVaBBYg,2025-08-11
oOf6-98OBeA,2025-08-11
8SYPKQMW_2Q,2025-08-11
9r-tT5IN0vg,2025-08-11
xH4daEJvaZY,2025-08-11
qjldBW-qG80,2025-08-11
MjMDvO7Muyo,2025-08-11
mgwneoUWuLY,2025-08-11
NOhQ6iFLZxk,2025-08-11
IXaPpDYgwYg,2025-08-11
GTRkP1tLN3Y,2025-08-11
oUzjzr6lMx8,2025-08-11
s6toEAx3cXE,2025-08-11
W1y8blwMLxY,2025-08-11
WXgSWdYysKM,2025-08-11
utjJeIV7sIs,2025-08-11
urOvUK16D1c,2025-08-11
OXBQ3qARHKQ,2025-08-11
jCVjudmnByk,2025-08-11
RaYfhncBxto,2025-08-11
-eceYsnlUrE,2025-08-11
6LOHW_SNI8E,2025-08-11
hbOXzabPdX8,2025-08-11
S3be8twfHUg,2025-08-11
wya0URZp_l0,2025-08-11
yLRlezamklc,2025-08-11
FyH0ZGIybts,2025-08-11
Gn7hHIQz3aE,2025-08-11
udTQFxlRzQ8,2025-08-11
bXvtMi9KGz0,2025-08-11
0US0CaDr7R4,2025-08-11
kvpfmNsQ7XA,2025-08-11
lOL1rwgEQrg,2025-08-11
3rStBQfkUhM,2025-08-11
WhZupi6mU5I,2025-08-11
rij_N9AAkfs,2025-08-11
ntyvB1qAC3o,2025-08-11
qZEV_907kV8,2025-08-11
i96etoadtX4,2025-08-11
mMLWBfFaB44,2025-08-11
kCaUCQXV_gY,2025-08-11
w9YP8bxdkIk,2025-08-11
ul97LZ63mN4,2025-08-11
4YNgDmNyKzg,2025-08-11
E05ItxXCAiw,2025-08-11
4DCcbIr3GP8,2025-08-11
ZMcjpl5xCcY,2025-08-11
J2iYh90UZAc,2025-08-11
1D-BTc6KePk,2025-08-11
5BbrMxuCfkU,2025-08-11
0u2VtSc95mo,2025-08-11
GCmppy0kVVs,2025-08-11
dIjBF_wIcsY,2025-08-11
N2Aod1g6W8w,2025-08-11
iCOURJokKZ0,2025-08-11
oYY86tTRfDA,2025-08-11
BG3HgoeEVoY,2025-08-11
2VUGZnWE2GA,2025-08-11
cOupP8coxCE,2025-08-11
6NPX5TjvZ80,2025-08-11
oqRMYj4Osvo,2025-08-11
NPLWbq0mAR0,2025-08-11
R1eTUfGrTGA,2025-08-11
J7cfwCXuP2Q,2025-08-11
K2VPAGmsgAM,2025-08-11
0Je_77ZyZMs,2025-08-11
G1v0dziwxMI,2025-08-11
BoSSXuzsCgQ,2025-08-11
LdL96IoYcN4,2025-08-11
QFn07--CTzo,2025-08-11
7nFUn1WbHuo,2025-08-11
7n0UqiC8568,2025-08-11
KE-CegAVAj8,2025-08-11
HL6KFrf6-4g,2025-08-11
v0-b_hijzlU,2025-08-11
yoDBSEdkUSU,2025-08-11
CnjT4K5EDdU,2025-08-11
03ITsSlluac,2025-08-11
2SaxDhFuq4k,2025-08-11
3j30g0QL4ig,2025-08-11
kAtLQZ8D9FA,2025-08-11
aKQsP18QoVU,2025-08-11
MoJd98xyfhk,2025-08-11
k0a1elLqloU,2025-08-11
fJYKpXb8-hM,2025-08-11
kSZCApnDRKQ,2025-08-11
vW7sbaVWYqE,2025-08-11
yKbFhvKbXxw,2025-08-11
enjkcCdAlXc,2025-08-11
HT_NJ9Pi2yY,2025-08-11
O5gwxm3NxFU,2025-08-11
1BKbzZhvUAI,2025-08-11
00DvaPstcpo,2025-08-11
U5wnnQ7X3qw,2025-08-11
RLzC55ai0eo,2025-08-11
CKJA9blyMUg,2025-08-11
2ltGXfmI6mk,2025-08-11
hoNb6HuNmU0,2025-08-11
OTMQJ656r-M,2025-08-11
FiENDQapd4g,2025-08-11
gdGUeX1i0n0,2025-08-11
k3ijQJjUbTs,2025-08-11
MJyKN-8UncM,2025-08-11
b1ESNXT5o7M,2025-08-11
454n6BPS14I,2025-08-11
SKek-mLl9L0,2025-08-11
g44iifQIFyM,2025-08-11
r_3zVIyblLQ,2025-08-11
sVRwZEkXepg,2025-08-11
q-RP99S_qK0,2025-08-11
Yq1b3K5F3Bc,2025-08-11
vc-KxBjIbgI,2025-08-11
_iktURk0X-A,2025-08-11
JgDNFQ2RaLQ,2025-08-11
blkMNxQYCos,2025-08-11
S7tYeUBgGHU,2025-08-11
NzWkopFJuSw,2025-08-11
DOT1LmQbFFA,2025-08-11
c92tUshrZ9g,2025-08-11
NvnBvjL87B0,2025-08-11
KMz2pTfRIxw,2025-08-11
wSzF5Se19ks,2025-08-11
HB8HnAA_G2k,2025-08-11
PQ5ZPmPtTtg,2025-08-11
e2xbURZosJI,2025-08-11
BddP6PYo2gs,2025-08-11
IVjl5u4s-mQ,2025-08-11
Z-WToN5b7Eg,2025-08-11
gsM0YSX_fqA,2025-08-11
2LrZQut__60,2025-08-11
muEaK_Sg8Ns,2025-08-11
_uVuDTY7uFQ,2025-08-11
dlSGqsQxt_E,2025-08-11
PrMWEVOHORA,2025-08-11
zUB1Vmhoegk,2025-08-11
J-Bwm9mkb2Q,2025-08-11
vimCR7DJjTU,2025-08-11
GeO7Llli_BM,2025-08-11
AuHJREMu2-w,2025-08-11
j6qu58WnGow,2025-08-11
MtDLwlc9toc,2025-08-11
OZW8JM_Hxbo,2025-08-11
HIlc5u6xs5M,2025-08-11
RMzb8MmPBGU,2025-08-11
pA0b7Yo_n7E,2025-08-11
tHmi9MNjUsI,2025-08-11
L1NfeFLdwqY,2025-08-11
A4PoDOsoeAI,2025-08-11
cXNK1IUYaKI,2025-08-11
9d-us3MveZg,2025-08-11
XIpw6BS9DZg,2025-08-11
WbW2ZIyid8Y,2025-08-11
kcRnm0uB9jc,2025-08-11
RJ26sxkmtPQ,2025-08-11
RQOajgg_WEI,2025-08-11
U2k3K71_aVA,2025-08-11
J_S_U56TLP0,2025-08-11
8co0XrN58io,2025-08-11
mX1xtHVM-vk,2025-08-11
GftmYlI67uc,2025-08-11
kLWpMRwoRxI,2025-08-11
Re8pAxKZHu4,2025-08-11
id-R8Oim38U,2025-08-11
XTtGHOz0VtM,2025-08-11
2u70UbLyO0s,2025-08-11
bDuF6DhAEZY,2025-08-11
8DjjH9BLmmk,2025-08-11
7GmQ2TRCLxM,2025-08-11
5qq8vJB7Z58,2025-08-11
r-fIFGBWWMU,2025-08-11
kdADqkXMBeY,2025-08-11
vB7LUwdHCkg,2025-08-11
3C4JX6aJs5Y,2025-08-11
CjJj1u42Sqk,2025-08-11
ahVN5-zsnFc,2025-08-11
7COQKfD4heE,2025-08-11
82Mp6uIi7DE,2025-08-11
aDqiBpK-gqg,2025-08-11
GOp4K90fTig,2025-08-11
v8vgcsitgtw,2025-08-11
2KGlrgrEpZY,2025-08-11
RQt5CbikXdg,2025-08-11
m_VBm8i2TIQ,2025-08-11
ukzFI9rgwfU,2025-08-11
yN7ypxC7838,2025-08-11
HN2vSUgzPyE,2025-08-11
uZt95OZ4WUU,2025-08-11
GLajwpGV630,2025-08-11
PeMlggyqz0Y,2025-08-11
b44WQrT34TM,2025-08-11
9gGnTQTYNaE,2025-08-11
DWKv2DvOSKs,2025-08-11
4RixMPF4xis,2025-08-11
q6kJ71tEYqM,2025-08-11
QbATwMTETZw,2025-08-11
UmFwybBiDt0,2025-08-11
gJ9NcxPUSPE,2025-08-11
qYNweeDHiyU,2025-08-11
caAG-R6cECY,2025-08-11
4_UOc_CC3NA,2025-08-11
E0Hmnixke2g,2025-08-11
7IgVGSaQPaw,2025-08-11
i_LwzRVP7bg,2025-08-11
h0e2HAPTGF4,2025-08-11
N3qNKICPud8,2025-08-11
6fx4sflgxv4,2025-08-11
PcbuKRNtCUc,2025-08-11
J4Qsr93L1qs,2025-08-11
PopKlyqTPAI,2025-08-11
f_uwKZIAeM0,2025-08-11
-8qzzN7CWxA,2025-08-11
vdRp_w9f-qM,2025-08-11
Pj0neYUp9Tc,2025-08-11
0YdpwSYMY6I,2025-08-11
uz6vFX91dg8,2025-08-11
qNxrPri1V0I,2025-08-11
uyOMOIEIRMI,2025-08-11
LB0kC0SkfeE,2025-08-11
Fa_V9fP2tpU,2025-08-11
5q87K1WaoFI,2025-08-11
VhfS-G6PDLE,2025-08-11
lsf060bLH_Y,2025-08-11
ie4oGI85SAE,2025-08-11
t_XHytJP-Vg,2025-08-11
Yq0QkCxoTHM,2025-08-11
cpYqED1q6ro,2025-08-11
KgolhE7p-KY,2025-08-11
DazUaVu5MO0,2025-08-11
sqs8DxGhwM8,2025-08-11
G9qYGasRc54,2025-08-11
xrQ1YH0PnrM,2025-08-11
cfSDvPlFFVQ,2025-08-11
Iuz_jc96bQk,2025-08-11
tiplN2Qc_ws,2025-08-11
FbtYxPUrhq8,2025-08-11
g1f7FWs-lE0,2025-08-11
VZGuI05udzk,2025-08-11
UMmCehTqGtE,2025-08-11
u09628gGbEM,2025-08-11
39zbC_PrNQs,2025-08-11
wDVBerJ3JRE,2025-08-11
1J3j6zi3jLY,2025-08-11
4rZ-APHyd04,2025-08-11
4UeLTsgdZc8,2025-08-11
AMxtGWcMYd4,2025-08-11
EhzUaeMWBpw,2025-08-11
6B8djd-N9b0,2025-08-11
gHXENP57beg,2025-08-11
OZmvVE2KgRE,2025-08-11
LtDpD0Pg72A,2025-08-11
BtT2Ham3aSw,2025-08-11
bWOozHQtnY0,2025-08-11
oOc-P50gXN4,2025-08-11
8xUher8-5_Q,2025-08-11
-HJJdIU3tok,2025-08-11
X7Zd4VyUgL0,2025-08-11
6dqAwh2MCg0,2025-08-11
pMUH1n_i7Ho,2025-08-11
aWMdvKuhBHU,2025-08-11
DzCWyUCr9LQ,2025-08-11
91jNTqXEyAg,2025-08-11
yILjA-LZWH8,2025-08-11
THV25A4kIr0,2025-08-11
aeFCkf6aYik,2025-08-11
ad79nYk2keg,2025-08-11
O2gerCxEXvc,2025-08-11
R4Hz4TunmE0,2025-08-11
cI888pDgFyc,2025-08-11
C6YtPJxNULA,2025-08-11
3vS4bXcNfo0,2025-08-11
VGFpV3Qj4as,2025-08-11
giT0ytynSqg,2025-08-11
m8o2GrbR3d8,2025-08-11
BYizgB2FcAQ,2025-08-11
qKUvNkNlvCM,2025-08-11
IviyYKHHPJo,2025-08-11
yh4D89n1WY8,2025-08-11
nmaNDGD3CHI,2025-08-11
F4zr1aMevB4,2025-08-11
d6zYj8oSOGc,2025-08-11
c5CN1jwfx7Q,2025-08-11
aQxVXEF990M,2025-08-11
J1berVAFz5M,2025-08-11
sUf2PtEZris,2025-08-11
E2RQCq1wDqc,2025-08-11
Z8IRRphKFZA,2025-08-11
k6JfGHkoyJA,2025-08-11
XBfSJ9KFQSg,2025-08-11
8HmYO8kLjew,2025-08-11
FTAYAS77qRw,2025-08-11
Ybr36WmgVsk,2025-08-11
iw5AOhzZ09g,2025-08-11
O_N7NhDjSAw,2025-08-11
T9JUhesotvQ,2025-08-11
10lrD3Hmoq4,2025-08-11
EvzNDQLwCqw,2025-08-11
ULoDF6uKO28,2025-08-11
w4Eq0Tm7Vlg,2025-08-11
ge_UgErt4yo,2025-08-11
i1eLeShXehY,2025-08-11
vF38Nna4SRQ,2025-08-11
I3FvM_FgBMU,2025-08-11
bL8tuIQ-4NM,2025-08-11
QOcBmJHO5wc,2025-08-11
kUZRoPZc4zk,2025-08-11
7jK4zhK4GFI,2025-08-11
DhWfAfqefNo,2025-08-11
6cAUQcG_eCk,2025-08-11
N4pXhj-wvwQ,2025-08-11
J0UydTJ1jzY,2025-08-11
U1JLtpJTe84,2025-08-11
EYcLEizR_fM,2025-08-11
GOiT1lxmEdI,2025-08-11
NsUqPzdkFTY,2025-08-11
dn7jagKYyFM,2025-08-11
cPghi_tY8ac,2025-08-11
ZhFCw98KqUI,2025-08-11
G-fCOEZnnTs,2025-08-11
lIh0-chTXT0,2025-08-11
CcYwVxwdJo0,2025-08-11
a0goLSCAcBw,2025-08-11
rAcxQvnJH9E,2025-08-11
GJZAcj4P99g,2025-08-11
sivn5BX3Lic,2025-08-11
uRiB1tsFIkE,2025-08-11
iWYpejGjjc0,2025-08-11
QG_1LlGshCc,2025-08-11
8tcwIN7q5_Y,2025-08-11
7SLGxEDyqWo,2025-08-11
JqZ7Owwt2Cw,2025-08-11
COlU3gcEEYY,2025-08-11
GCvt9C4FLgA,2025-08-11
gPPfnDxGb4w,2025-08-11
dQCHTmQiy7Q,2025-08-11
lAuK9cYebAs,2025-08-11
TzrZa3o5v0k,2025-08-11
701FwxtMdpw,2025-08-11
aUxb4W3oAP4,2025-08-11
QwSSTSpEJjg,2025-08-11
